2.5821501014198783,null,null,null,null,null,null,null,null,null,null,null
2.5714285714285714,9000059,Jannik Beck,null,null,null,null,null,null,null,null,null
2.2857142857142857,9000081,Sophie Brandt,null,null,null,null,null,null,null,null,null
1.8,9000027,Johanna Werner,null,null,null,null,null,null,null,null,null
2.5,9000090,Maya Pohl,null,null,null,null,null,null,null,null,null
1.6,9000075,Lilly Jäger,null,null,null,null,null,null,null,null,null
3.6,9000097,Luca Sauer,null,null,null,null,null,null,null,null,null
2.6,9000035,Jonas Köhler,null,null,null,null,null,null,null,null,null
2.4285714285714286,9000089,Maja Kühn,null,null,null,null,null,null,null,null,null
2.8,9000082,Sofie Haas,null,null,null,null,null,null,null,null,null
3.5,9000091,Amelie Engel,null,null,null,null,null,null,null,null,null
2,9000006,Lea Meyer,null,null,null,null,null,null,null,null,null
1.5,9000099,Paul Wolff,null,null,null,null,null,null,null,null,null
1.2,9000049,Julian Hahn,null,null,null,null,null,null,null,null,null
2,9000078,Sara Groß,null,null,null,null,null,null,null,null,null
3,9000002,Hanna Schmidt,null,null,null,null,null,null,null,null,null
2,9000087,Neele Ziegler,null,null,null,null,null,null,null,null,null
2.6,9000070,Emma Martin,null,null,null,null,null,null,null,null,null
1.8,9000042,Fynn Fuchs,null,null,null,null,null,null,null,null,null
1.8,9000009,Emma Schulz,null,null,null,null,null,null,null,null,null
3,9000037,Luka König,null,null,null,null,null,null,null,null,null
1.8,9000034,Lukas Maier,null,null,null,null,null,null,null,null,null
4.2,9000076,Lili Otto,null,null,null,null,null,null,null,null,null
2.2,9000069,Anna Kraus,null,null,null,null,null,null,null,null,null
3.4,9000048,Max Jung,null,null,null,null,null,null,null,null,null
3,9000065,Leonie Simon,null,null,null,null,null,null,null,null,null
2.1428571428571429,9000054,Jan Günther,null,null,null,null,null,null,null,null,null
4.1428571428571429,9000088,Johanna Kuhn,null,null,null,null,null,null,null,null,null
3.4,9000041,Finn Kaiser,null,null,null,null,null,null,null,null,null
2.8,9000033,Lucas Schulze,null,null,null,null,null,null,null,null,null
2.6,9000067,Lea Böhm,null,null,null,null,null,null,null,null,null
3,9000003,Leoni Schneider,null,null,null,null,null,null,null,null,null
4,9000016,Sarah Wolf,null,null,null,null,null,null,null,null,null
2,9000045,Ben Scholz,null,null,null,null,null,null,null,null,null
2.4,9000026,Neele Schmitt,null,null,null,null,null,null,null,null,null
4,9000053,Noah Keller,null,null,null,null,null,null,null,null,null
1,9000014,Lilly Richter,null,null,null,null,null,null,null,null,null
3.8,9000073,Marie Vogt,null,null,null,null,null,null,null,null,null
2.8,9000021,Sofie Braun,null,null,null,null,null,null,null,null,null
3.2,9000017,Sara Schröder,null,null,null,null,null,null,null,null,null
3.4285714285714286,9000047,Louis Weiß,null,null,null,null,null,null,null,null,null
2,9000079,Lara Seidel,null,null,null,null,null,null,null,null,null
2.8,9000036,Luca Herrmann,null,null,null,null,null,null,null,null,null
2.6,9000066,Lena Ludwig,null,null,null,null,null,null,null,null,null
2.2,9000043,Tim Peters,null,null,null,null,null,null,null,null,null
1.5,9000019,Laura Schwarz,null,null,null,null,null,null,null,null,null
3,9000062,Hannah Franke,null,null,null,null,null,null,null,null,null
1.4,9000012,Marie Koch,null,null,null,null,null,null,null,null,null
1.1428571428571429,9000085,Lina Schulte,null,null,null,null,null,null,null,null,null
1.4,9000077,Sarah Sommer,null,null,null,null,null,null,null,null,null
3.2,9000032,Leon Schmid,null,null,null,null,null,null,null,null,null
4.2,9000092,Amely Horn,null,null,null,null,null,null,null,null,null
3,9000040,Maximilian Huber,null,null,null,null,null,null,null,null,null
3,9000038,Paul Walter,null,null,null,null,null,null,null,null,null
1.4,9000008,Anna Becker,null,null,null,null,null,null,null,null,null
2.2,9000071,Emily Schumacher,null,null,null,null,null,null,null,null,null
3.2,9000028,Maja Schmitz,null,null,null,null,null,null,null,null,null
2.2,9000039,Felix Mayer,null,null,null,null,null,null,null,null,null
2.6,9000063,Hanna Albrecht,null,null,null,null,null,null,null,null,null
2.8,9000001,Hannah Müller,null,null,null,null,null,null,null,null,null
2,9000022,Sophia Krüger,null,null,null,null,null,null,null,null,null
3.2,9000024,Lina Hartmann,null,null,null,null,null,null,null,null,null
2.6,9000023,Sofia Hofmann,null,null,null,null,null,null,null,null,null
2.6,9000005,Lena Weber,null,null,null,null,null,null,null,null,null
3,9000050,Elias Schubert,null,null,null,null,null,null,null,null,null
3,9000010,Emily Hoffmann,null,null,null,null,null,null,null,null,null
3,9000086,Nele Dietrich,null,null,null,null,null,null,null,null,null
3.4,9000064,Leoni Schuster,null,null,null,null,null,null,null,null,null
3.2,9000044,Timm Lang,null,null,null,null,null,null,null,null,null
2,9000007,Leah Wagner,null,null,null,null,null,null,null,null,null
2.6,9000061,Mia Baumann,null,null,null,null,null,null,null,null,null
4.7142857142857143,9000084,Sofia Graf,null,null,null,null,null,null,null,null,null
3.5,9000094,Lucas Bergmann,null,null,null,null,null,null,null,null,null
2.8,9000083,Sophia Schreiber,null,null,null,null,null,null,null,null,null
2.4285714285714286,9000055,Philip Frank,null,null,null,null,null,null,null,null,null
2.4,9000030,Amelie Meier,null,null,null,null,null,null,null,null,null
2.4,9000096,Jonas Voigt,null,null,null,null,null,null,null,null,null
3,9000011,Emilie Schäfer,null,null,null,null,null,null,null,null,null
2.6,9000093,Leon Busch,null,null,null,null,null,null,null,null,null
1.6,9000057,Phillip Winkler,null,null,null,null,null,null,null,null,null
2.2857142857142857,9000046,Luis Möller,null,null,null,null,null,null,null,null,null
2.2,9000031,Amely Lehmann,null,null,null,null,null,null,null,null,null
3.4,9000056,Philipp Berger,null,null,null,null,null,null,null,null,null
2.4285714285714286,9000051,Niclas Vogel,null,null,null,null,null,null,null,null,null
2.5,9000098,Luka Arnold,null,null,null,null,null,null,null,null,null
1.6,9000025,Nele Lange,null,null,null,null,null,null,null,null,null
2,9000018,Lara Neumann,null,null,null,null,null,null,null,null,null
2.8,9000100,Felix Pfeiffer,null,null,null,null,null,null,null,null,null
2,9000015,Lili Klein,null,null,null,null,null,null,null,null,null
2.2,9000060,Yannick Lorenz,null,null,null,null,null,null,null,null,null
1.4,9000074,Lilli Stein,null,null,null,null,null,null,null,null,null
2.2,9000013,Lilli Bauer,null,null,null,null,null,null,null,null,null
2,9000052,Niklas Friedrich,null,null,null,null,null,null,null,null,null
1.6,9000029,Maya Krause,null,null,null,null,null,null,null,null,null
3.2,9000004,Leonie Fischer,null,null,null,null,null,null,null,null,null
3.5714285714285714,9000080,Laura Heinrich,null,null,null,null,null,null,null,null,null
1.8,9000072,Emilie Krämer,null,null,null,null,null,null,null,null,null
2,9000068,Leah Winter,null,null,null,null,null,null,null,null,null
2.8,9000020,Sophie Zimmermann,null,null,null,null,null,null,null,null,null
3,9000095,Lukas Thomas,null,null,null,null,null,null,null,null,null
1.4285714285714286,9000058,Moritz Roth,null,null,null,null,null,null,null,null,null
1.8,9000034,null,null,null,null,null,null,null,null,null,null
2.5,9000098,null,null,null,null,null,null,null,null,null,null
2.8,9000100,null,null,null,null,null,null,null,null,null,null
2.1428571428571429,9000054,null,null,null,null,null,null,null,null,null,null
4.7142857142857143,9000084,null,null,null,null,null,null,null,null,null,null
2.2857142857142857,9000046,null,null,null,null,null,null,null,null,null,null
2,9000045,null,null,null,null,null,null,null,null,null,null
3.5,9000091,null,null,null,null,null,null,null,null,null,null
3.4,9000064,null,null,null,null,null,null,null,null,null,null
2.6,9000061,null,null,null,null,null,null,null,null,null,null
1.4,9000008,null,null,null,null,null,null,null,null,null,null
2.2857142857142857,9000081,null,null,null,null,null,null,null,null,null,null
3,9000037,null,null,null,null,null,null,null,null,null,null
2.6,9000023,null,null,null,null,null,null,null,null,null,null
3.2,9000044,null,null,null,null,null,null,null,null,null,null
2,9000079,null,null,null,null,null,null,null,null,null,null
3,9000011,null,null,null,null,null,null,null,null,null,null
4.2,9000092,null,null,null,null,null,null,null,null,null,null
2,9000052,null,null,null,null,null,null,null,null,null,null
1.2,9000049,null,null,null,null,null,null,null,null,null,null
3,9000002,null,null,null,null,null,null,null,null,null,null
3.5714285714285714,9000080,null,null,null,null,null,null,null,null,null,null
2,9000068,null,null,null,null,null,null,null,null,null,null
3.4,9000056,null,null,null,null,null,null,null,null,null,null
3.2,9000004,null,null,null,null,null,null,null,null,null,null
2,9000015,null,null,null,null,null,null,null,null,null,null
2,9000007,null,null,null,null,null,null,null,null,null,null
2.4285714285714286,9000055,null,null,null,null,null,null,null,null,null,null
2.4,9000030,null,null,null,null,null,null,null,null,null,null
2.8,9000033,null,null,null,null,null,null,null,null,null,null
2,9000022,null,null,null,null,null,null,null,null,null,null
2.6,9000005,null,null,null,null,null,null,null,null,null,null
1.8,9000072,null,null,null,null,null,null,null,null,null,null
1.8,9000009,null,null,null,null,null,null,null,null,null,null
3,9000003,null,null,null,null,null,null,null,null,null,null
3.2,9000024,null,null,null,null,null,null,null,null,null,null
2.2,9000060,null,null,null,null,null,null,null,null,null,null
3.2,9000032,null,null,null,null,null,null,null,null,null,null
3,9000040,null,null,null,null,null,null,null,null,null,null
2.8,9000021,null,null,null,null,null,null,null,null,null,null
4,9000053,null,null,null,null,null,null,null,null,null,null
1.5,9000019,null,null,null,null,null,null,null,null,null,null
2.4285714285714286,9000051,null,null,null,null,null,null,null,null,null,null
2.6,9000070,null,null,null,null,null,null,null,null,null,null
2.6,9000063,null,null,null,null,null,null,null,null,null,null
1.4,9000074,null,null,null,null,null,null,null,null,null,null
1.6,9000029,null,null,null,null,null,null,null,null,null,null
2.6,9000066,null,null,null,null,null,null,null,null,null,null
2.2,9000039,null,null,null,null,null,null,null,null,null,null
1.5,9000099,null,null,null,null,null,null,null,null,null,null
2.8,9000082,null,null,null,null,null,null,null,null,null,null
3.2,9000017,null,null,null,null,null,null,null,null,null,null
2.8,9000083,null,null,null,null,null,null,null,null,null,null
2.6,9000067,null,null,null,null,null,null,null,null,null,null
2.2,9000043,null,null,null,null,null,null,null,null,null,null
1.1428571428571429,9000085,null,null,null,null,null,null,null,null,null,null
2,9000078,null,null,null,null,null,null,null,null,null,null
2.6,9000093,null,null,null,null,null,null,null,null,null,null
2.2,9000031,null,null,null,null,null,null,null,null,null,null
1.6,9000025,null,null,null,null,null,null,null,null,null,null
3,9000010,null,null,null,null,null,null,null,null,null,null
2.4,9000096,null,null,null,null,null,null,null,null,null,null
1.6,9000057,null,null,null,null,null,null,null,null,null,null
3.8,9000073,null,null,null,null,null,null,null,null,null,null
2.5714285714285714,9000059,null,null,null,null,null,null,null,null,null,null
4.2,9000076,null,null,null,null,null,null,null,null,null,null
2,9000087,null,null,null,null,null,null,null,null,null,null
3.2,9000028,null,null,null,null,null,null,null,null,null,null
2.5,9000090,null,null,null,null,null,null,null,null,null,null
3,9000050,null,null,null,null,null,null,null,null,null,null
2,9000018,null,null,null,null,null,null,null,null,null,null
1.8,9000027,null,null,null,null,null,null,null,null,null,null
2.2,9000013,null,null,null,null,null,null,null,null,null,null
1.4,9000012,null,null,null,null,null,null,null,null,null,null
2.8,9000001,null,null,null,null,null,null,null,null,null,null
1,9000014,null,null,null,null,null,null,null,null,null,null
2.4,9000026,null,null,null,null,null,null,null,null,null,null
4.1428571428571429,9000088,null,null,null,null,null,null,null,null,null,null
3,9000062,null,null,null,null,null,null,null,null,null,null
2.8,9000020,null,null,null,null,null,null,null,null,null,null
3,9000038,null,null,null,null,null,null,null,null,null,null
2.8,9000036,null,null,null,null,null,null,null,null,null,null
3.4285714285714286,9000047,null,null,null,null,null,null,null,null,null,null
3.6,9000097,null,null,null,null,null,null,null,null,null,null
3.4,9000048,null,null,null,null,null,null,null,null,null,null
2.6,9000035,null,null,null,null,null,null,null,null,null,null
4,9000016,null,null,null,null,null,null,null,null,null,null
1.8,9000042,null,null,null,null,null,null,null,null,null,null
1.4,9000077,null,null,null,null,null,null,null,null,null,null
3,9000065,null,null,null,null,null,null,null,null,null,null
1.4285714285714286,9000058,null,null,null,null,null,null,null,null,null,null
2,9000006,null,null,null,null,null,null,null,null,null,null
2.2,9000071,null,null,null,null,null,null,null,null,null,null
3,9000086,null,null,null,null,null,null,null,null,null,null
2.4285714285714286,9000089,null,null,null,null,null,null,null,null,null,null
2.2,9000069,null,null,null,null,null,null,null,null,null,null
3.4,9000041,null,null,null,null,null,null,null,null,null,null
3,9000095,null,null,null,null,null,null,null,null,null,null
1.6,9000075,null,null,null,null,null,null,null,null,null,null
3.5,9000094,null,null,null,null,null,null,null,null,null,null
2.967741935483871,null,null,2077308266,Dragi Kimovski,Postdoc-Ass.,Dr.,Alpen-Adria-Universität Klagenfurt,null,null,null,null
2.4887640449438202,null,null,772243224,Julius Köpke,Assoc.-Prof.,DI. Dr.,Alpen-Adria-Universität Klagenfurt,null,null,null,null
2.4642857142857143,null,null,834107405,Johann Eder,O.Univ.-Prof.,Dipl.-Ing. Dr.,Alpen-Adria-Universität Klagenfurt,null,null,null,null
3.14,null,null,36866626,Klaus Schöffmann,Assoc.Prof.,Dipl.-Ing. Dr.,Alpen-Adria-Universität Klagenfurt,null,null,null,null
2.967741935483871,null,null,2077308266,Dragi Kimovski,Postdoc-Ass.,Dr.,null,null,null,null,null
2.4887640449438202,null,null,772243224,Julius Köpke,Assoc.-Prof.,DI. Dr.,null,null,null,null,null
2.4642857142857143,null,null,834107405,Johann Eder,O.Univ.-Prof.,Dipl.-Ing. Dr.,null,null,null,null,null
3.14,null,null,36866626,Klaus Schöffmann,Assoc.Prof.,Dipl.-Ing. Dr.,null,null,null,null,null
2.4642857142857143,null,null,834107405,Johann Eder,O.Univ.-Prof.,null,null,null,null,null,null
2.4887640449438202,null,null,772243224,Julius Köpke,Assoc.-Prof.,null,null,null,null,null,null
2.967741935483871,null,null,2077308266,Dragi Kimovski,Postdoc-Ass.,null,null,null,null,null,null
3.14,null,null,36866626,Klaus Schöffmann,Assoc.Prof.,null,null,null,null,null,null
2.4642857142857143,null,null,834107405,Johann Eder,null,null,null,null,null,null,null
2.967741935483871,null,null,2077308266,Dragi Kimovski,null,null,null,null,null,null,null
2.4887640449438202,null,null,772243224,Julius Köpke,null,null,null,null,null,null,null
3.14,null,null,36866626,Klaus Schöffmann,null,null,null,null,null,null,null
2.967741935483871,null,null,2077308266,null,null,null,null,null,null,null,null
2.4887640449438202,null,null,772243224,null,null,null,null,null,null,null,null
3.14,null,null,36866626,null,null,null,null,null,null,null,null
2.4642857142857143,null,null,834107405,null,null,null,null,null,null,null,null
2.4051724137931034,null,null,null,null,null,null,null,922,Wirtschaftsinformatik,Economics,Master
2.4427480916030534,null,null,null,null,null,null,null,522,Wirtschaftsinformatik,Economoics,Bachelor
3.0763358778625954,null,null,null,null,null,null,null,511,Angewandte Informatik,Technical Studies,Bachelor
2.3565217391304348,null,null,null,null,null,null,null,911,Angewandte Informatik,Technical Studies,Master
2.3565217391304348,null,null,null,null,null,null,null,911,Angewandte Informatik,Technical Studies,null
2.4427480916030534,null,null,null,null,null,null,null,522,Wirtschaftsinformatik,Economoics,null
3.0763358778625954,null,null,null,null,null,null,null,511,Angewandte Informatik,Technical Studies,null
2.4051724137931034,null,null,null,null,null,null,null,922,Wirtschaftsinformatik,Economics,null
2.4051724137931034,null,null,null,null,null,null,null,922,Wirtschaftsinformatik,null,null
3.0763358778625954,null,null,null,null,null,null,null,511,Angewandte Informatik,null,null
2.4427480916030534,null,null,null,null,null,null,null,522,Wirtschaftsinformatik,null,null
2.3565217391304348,null,null,null,null,null,null,null,911,Angewandte Informatik,null,null
3.0763358778625954,null,null,null,null,null,null,null,511,null,null,null
2.3565217391304348,null,null,null,null,null,null,null,911,null,null,null
2.4051724137931034,null,null,null,null,null,null,null,922,null,null,null
2.4427480916030534,null,null,null,null,null,null,null,522,null,null,null
2,null,Sara Schröder,null,Klaus Schöffmann,null,null,null,null,Wirtschaftsinformatik,null,null
1,null,Yannick Lorenz,null,Klaus Schöffmann,null,null,null,null,Angewandte Informatik,null,null
3,null,Emma Martin,null,Dragi Kimovski,null,null,null,null,Angewandte Informatik,null,null
2,null,Sara Groß,null,Johann Eder,null,null,null,null,Angewandte Informatik,null,null
2,null,Hannah Müller,null,Klaus Schöffmann,null,null,null,null,Wirtschaftsinformatik,null,null
3,null,Fynn Fuchs,null,Dragi Kimovski,null,null,null,null,Angewandte Informatik,null,null
1,null,Anna Becker,null,Julius Köpke,null,null,null,null,Angewandte Informatik,null,null
3,null,Lukas Maier,null,Dragi Kimovski,null,null,null,null,Angewandte Informatik,null,null
1,null,Philip Frank,null,Dragi Kimovski,null,null,null,null,Wirtschaftsinformatik,null,null
2,null,Ben Scholz,null,Julius Köpke,null,null,null,null,Wirtschaftsinformatik,null,null
1.5,null,Sara Groß,null,Julius Köpke,null,null,null,null,Angewandte Informatik,null,null
1,null,Lina Schulte,null,Julius Köpke,null,null,null,null,Wirtschaftsinformatik,null,null
1,null,Lilly Richter,null,Julius Köpke,null,null,null,null,Angewandte Informatik,null,null
3,null,Leonie Simon,null,Klaus Schöffmann,null,null,null,null,Wirtschaftsinformatik,null,null
1.5,null,Niklas Friedrich,null,Julius Köpke,null,null,null,null,Angewandte Informatik,null,null
1,null,Lea Böhm,null,Johann Eder,null,null,null,null,Wirtschaftsinformatik,null,null
3.5,null,Luca Sauer,null,Julius Köpke,null,null,null,null,Wirtschaftsinformatik,null,null
4.5,null,Noah Keller,null,Julius Köpke,null,null,null,null,Wirtschaftsinformatik,null,null
3,null,Amely Lehmann,null,Dragi Kimovski,null,null,null,null,Wirtschaftsinformatik,null,null
3,null,Emma Martin,null,Johann Eder,null,null,null,null,Angewandte Informatik,null,null
4,null,Marie Vogt,null,Julius Köpke,null,null,null,null,Wirtschaftsinformatik,null,null
5,null,Paul Walter,null,Dragi Kimovski,null,null,null,null,Angewandte Informatik,null,null
5,null,Maximilian Huber,null,Klaus Schöffmann,null,null,null,null,Angewandte Informatik,null,null
2,null,Paul Wolff,null,Johann Eder,null,null,null,null,Wirtschaftsinformatik,null,null
3,null,Sofie Haas,null,Julius Köpke,null,null,null,null,Angewandte Informatik,null,null
5,null,Hannah Franke,null,Johann Eder,null,null,null,null,Angewandte Informatik,null,null
4,null,Jonas Voigt,null,Klaus Schöffmann,null,null,null,null,Angewandte Informatik,null,null
2,null,Leon Busch,null,Julius Köpke,null,null,null,null,Wirtschaftsinformatik,null,null
1,null,Lilli Bauer,null,Klaus Schöffmann,null,null,null,null,Wirtschaftsinformatik,null,null
2.5,null,Amelie Meier,null,Julius Köpke,null,null,null,null,Angewandte Informatik,null,null
3,null,Sophia Schreiber,null,Johann Eder,null,null,null,null,Wirtschaftsinformatik,null,null
4,null,Philip Frank,null,Johann Eder,null,null,null,null,Wirtschaftsinformatik,null,null
1,null,Emily Schumacher,null,Johann Eder,null,null,null,null,Wirtschaftsinformatik,null,null
2,null,Lara Neumann,null,Julius Köpke,null,null,null,null,Angewandte Informatik,null,null
1.5,null,Marie Koch,null,Julius Köpke,null,null,null,null,Angewandte Informatik,null,null
1,null,Julian Hahn,null,Julius Köpke,null,null,null,null,Wirtschaftsinformatik,null,null
3,null,Lena Ludwig,null,Dragi Kimovski,null,null,null,null,Angewandte Informatik,null,null
2,null,Maya Krause,null,Klaus Schöffmann,null,null,null,null,Wirtschaftsinformatik,null,null
2,null,Sophie Zimmermann,null,Klaus Schöffmann,null,null,null,null,Angewandte Informatik,null,null
2,null,Jonas Voigt,null,Julius Köpke,null,null,null,null,Angewandte Informatik,null,null
3,null,Philipp Berger,null,Julius Köpke,null,null,null,null,Angewandte Informatik,null,null
3,null,Lukas Thomas,null,Julius Köpke,null,null,null,null,Wirtschaftsinformatik,null,null
2.5,null,Luka König,null,Julius Köpke,null,null,null,null,Wirtschaftsinformatik,null,null
3,null,Lena Weber,null,Klaus Schöffmann,null,null,null,null,Wirtschaftsinformatik,null,null
2,null,Jan Günther,null,Johann Eder,null,null,null,null,Angewandte Informatik,null,null
2,null,Jannik Beck,null,Johann Eder,null,null,null,null,Wirtschaftsinformatik,null,null
2,null,Amelie Engel,null,Julius Köpke,null,null,null,null,Wirtschaftsinformatik,null,null
3,null,Johanna Kuhn,null,Klaus Schöffmann,null,null,null,null,Angewandte Informatik,null,null
4,null,Maya Pohl,null,Johann Eder,null,null,null,null,Angewandte Informatik,null,null
2,null,Hanna Albrecht,null,Johann Eder,null,null,null,null,Wirtschaftsinformatik,null,null
4,null,Louis Weiß,null,Julius Köpke,null,null,null,null,Wirtschaftsinformatik,null,null
1,null,Felix Mayer,null,Dragi Kimovski,null,null,null,null,Wirtschaftsinformatik,null,null
2,null,Maja Kühn,null,Julius Köpke,null,null,null,null,Wirtschaftsinformatik,null,null
3,null,Lukas Thomas,null,Johann Eder,null,null,null,null,Wirtschaftsinformatik,null,null
2,null,Lilly Jäger,null,Dragi Kimovski,null,null,null,null,Wirtschaftsinformatik,null,null
2,null,Sophia Schreiber,null,Julius Köpke,null,null,null,null,Wirtschaftsinformatik,null,null
4.6666666666666667,null,Sofia Graf,null,Julius Köpke,null,null,null,null,Angewandte Informatik,null,null
2.5,null,Lena Weber,null,Julius Köpke,null,null,null,null,Wirtschaftsinformatik,null,null
3,null,Lea Böhm,null,Dragi Kimovski,null,null,null,null,Wirtschaftsinformatik,null,null
2,null,Moritz Roth,null,Dragi Kimovski,null,null,null,null,Angewandte Informatik,null,null
3,null,Maja Schmitz,null,Julius Köpke,null,null,null,null,Angewandte Informatik,null,null
3,null,Neele Ziegler,null,Julius Köpke,null,null,null,null,Wirtschaftsinformatik,null,null
3,null,Leoni Schuster,null,Julius Köpke,null,null,null,null,Angewandte Informatik,null,null
2,null,Sofie Haas,null,Johann Eder,null,null,null,null,Angewandte Informatik,null,null
3,null,Elias Schubert,null,Johann Eder,null,null,null,null,Angewandte Informatik,null,null
5,null,Lili Otto,null,Klaus Schöffmann,null,null,null,null,Angewandte Informatik,null,null
3,null,Felix Pfeiffer,null,Julius Köpke,null,null,null,null,Angewandte Informatik,null,null
2,null,Felix Pfeiffer,null,Klaus Schöffmann,null,null,null,null,Angewandte Informatik,null,null
1,null,Lilli Stein,null,Julius Köpke,null,null,null,null,Angewandte Informatik,null,null
1,null,Lilly Jäger,null,Johann Eder,null,null,null,null,Wirtschaftsinformatik,null,null
5,null,Amelie Engel,null,Johann Eder,null,null,null,null,Wirtschaftsinformatik,null,null
1,null,Jan Günther,null,Dragi Kimovski,null,null,null,null,Angewandte Informatik,null,null
3,null,Johanna Werner,null,Dragi Kimovski,null,null,null,null,Wirtschaftsinformatik,null,null
2.5,null,Luca Herrmann,null,Julius Köpke,null,null,null,null,Angewandte Informatik,null,null
2.5,null,Yannick Lorenz,null,Julius Köpke,null,null,null,null,Angewandte Informatik,null,null
3.5,null,Max Jung,null,Julius Köpke,null,null,null,null,Angewandte Informatik,null,null
5,null,Maja Kühn,null,Klaus Schöffmann,null,null,null,null,Wirtschaftsinformatik,null,null
2,null,Philip Frank,null,Julius Köpke,null,null,null,null,Wirtschaftsinformatik,null,null
2.5,null,Tim Peters,null,Julius Köpke,null,null,null,null,Wirtschaftsinformatik,null,null
1.5,null,Sarah Sommer,null,Julius Köpke,null,null,null,null,Wirtschaftsinformatik,null,null
5,null,Luka König,null,Klaus Schöffmann,null,null,null,null,Wirtschaftsinformatik,null,null
2,null,Lucas Bergmann,null,Johann Eder,null,null,null,null,Angewandte Informatik,null,null
2,null,Sofie Braun,null,Klaus Schöffmann,null,null,null,null,Wirtschaftsinformatik,null,null
5,null,Hanna Albrecht,null,Dragi Kimovski,null,null,null,null,Wirtschaftsinformatik,null,null
2.5,null,Maximilian Huber,null,Julius Köpke,null,null,null,null,Angewandte Informatik,null,null
3,null,Lara Seidel,null,Johann Eder,null,null,null,null,Wirtschaftsinformatik,null,null
1.5,null,Maya Krause,null,Julius Köpke,null,null,null,null,Wirtschaftsinformatik,null,null
5,null,Jonas Köhler,null,Dragi Kimovski,null,null,null,null,Wirtschaftsinformatik,null,null
3,null,Amely Horn,null,Klaus Schöffmann,null,null,null,null,Angewandte Informatik,null,null
3,null,Anna Becker,null,Klaus Schöffmann,null,null,null,null,Angewandte Informatik,null,null
5,null,Lucas Bergmann,null,Julius Köpke,null,null,null,null,Angewandte Informatik,null,null
5,null,Leon Busch,null,Klaus Schöffmann,null,null,null,null,Wirtschaftsinformatik,null,null
3,null,Sophie Zimmermann,null,Julius Köpke,null,null,null,null,Angewandte Informatik,null,null
2,null,Luka Arnold,null,Julius Köpke,null,null,null,null,Angewandte Informatik,null,null
1.5,null,Fynn Fuchs,null,Julius Köpke,null,null,null,null,Angewandte Informatik,null,null
3.5,null,Sara Schröder,null,Julius Köpke,null,null,null,null,Wirtschaftsinformatik,null,null
1,null,Niclas Vogel,null,Johann Eder,null,null,null,null,Wirtschaftsinformatik,null,null
2.5,null,Lucas Schulze,null,Julius Köpke,null,null,null,null,Wirtschaftsinformatik,null,null
4,null,Nele Dietrich,null,Johann Eder,null,null,null,null,Angewandte Informatik,null,null
4,null,Luca Sauer,null,Klaus Schöffmann,null,null,null,null,Wirtschaftsinformatik,null,null
2,null,Phillip Winkler,null,Klaus Schöffmann,null,null,null,null,Wirtschaftsinformatik,null,null
2.5,null,Paul Walter,null,Julius Köpke,null,null,null,null,Angewandte Informatik,null,null
2,null,Leah Winter,null,Klaus Schöffmann,null,null,null,null,Angewandte Informatik,null,null
1.5,null,Nele Lange,null,Julius Köpke,null,null,null,null,Wirtschaftsinformatik,null,null
2,null,Nele Lange,null,Klaus Schöffmann,null,null,null,null,Wirtschaftsinformatik,null,null
1.5,null,Emma Schulz,null,Julius Köpke,null,null,null,null,Wirtschaftsinformatik,null,null
4,null,Louis Weiß,null,Dragi Kimovski,null,null,null,null,Wirtschaftsinformatik,null,null
2.5,null,Neele Schmitt,null,Julius Köpke,null,null,null,null,Angewandte Informatik,null,null
5,null,Sofia Hofmann,null,Dragi Kimovski,null,null,null,null,Wirtschaftsinformatik,null,null
3,null,Leoni Schneider,null,Julius Köpke,null,null,null,null,Wirtschaftsinformatik,null,null
2.5,null,Niclas Vogel,null,Julius Köpke,null,null,null,null,Wirtschaftsinformatik,null,null
4,null,Sarah Wolf,null,Klaus Schöffmann,null,null,null,null,Angewandte Informatik,null,null
2.5,null,Jannik Beck,null,Julius Köpke,null,null,null,null,Wirtschaftsinformatik,null,null
1,null,Tim Peters,null,Dragi Kimovski,null,null,null,null,Wirtschaftsinformatik,null,null
5,null,Sofia Graf,null,Klaus Schöffmann,null,null,null,null,Angewandte Informatik,null,null
3,null,Emily Hoffmann,null,Julius Köpke,null,null,null,null,Angewandte Informatik,null,null
2.5,null,Felix Mayer,null,Julius Köpke,null,null,null,null,Wirtschaftsinformatik,null,null
4,null,Lucas Schulze,null,Klaus Schöffmann,null,null,null,null,Wirtschaftsinformatik,null,null
2,null,Leah Wagner,null,Julius Köpke,null,null,null,null,Wirtschaftsinformatik,null,null
3,null,Max Jung,null,Klaus Schöffmann,null,null,null,null,Angewandte Informatik,null,null
2,null,Amely Lehmann,null,Julius Köpke,null,null,null,null,Wirtschaftsinformatik,null,null
4,null,Maja Schmitz,null,Klaus Schöffmann,null,null,null,null,Angewandte Informatik,null,null
2,null,Jonas Köhler,null,Julius Köpke,null,null,null,null,Wirtschaftsinformatik,null,null
2,null,Louis Weiß,null,Johann Eder,null,null,null,null,Wirtschaftsinformatik,null,null
3,null,Emma Schulz,null,Klaus Schöffmann,null,null,null,null,Wirtschaftsinformatik,null,null
3,null,Finn Kaiser,null,Julius Köpke,null,null,null,null,Wirtschaftsinformatik,null,null
1,null,Emilie Krämer,null,Julius Köpke,null,null,null,null,Angewandte Informatik,null,null
1.5,null,Phillip Winkler,null,Julius Köpke,null,null,null,null,Wirtschaftsinformatik,null,null
2,null,Noah Keller,null,Klaus Schöffmann,null,null,null,null,Wirtschaftsinformatik,null,null
1.5,null,Moritz Roth,null,Julius Köpke,null,null,null,null,Angewandte Informatik,null,null
1,null,Sarah Sommer,null,Klaus Schöffmann,null,null,null,null,Wirtschaftsinformatik,null,null
2.5,null,Lilli Bauer,null,Julius Köpke,null,null,null,null,Wirtschaftsinformatik,null,null
2,null,Luis Möller,null,Dragi Kimovski,null,null,null,null,Angewandte Informatik,null,null
2,null,Leah Winter,null,Julius Köpke,null,null,null,null,Angewandte Informatik,null,null
5,null,Leoni Schuster,null,Klaus Schöffmann,null,null,null,null,Angewandte Informatik,null,null
4,null,Sarah Wolf,null,Julius Köpke,null,null,null,null,Angewandte Informatik,null,null
3,null,Elias Schubert,null,Julius Köpke,null,null,null,null,Angewandte Informatik,null,null
3,null,Mia Baumann,null,Klaus Schöffmann,null,null,null,null,Wirtschaftsinformatik,null,null
2,null,Timm Lang,null,Klaus Schöffmann,null,null,null,null,Angewandte Informatik,null,null
3,null,Luka Arnold,null,Johann Eder,null,null,null,null,Angewandte Informatik,null,null
2,null,Amelie Meier,null,Dragi Kimovski,null,null,null,null,Angewandte Informatik,null,null
2,null,Lena Ludwig,null,Julius Köpke,null,null,null,null,Angewandte Informatik,null,null
1,null,Paul Wolff,null,Julius Köpke,null,null,null,null,Wirtschaftsinformatik,null,null
3,null,Sofie Braun,null,Julius Köpke,null,null,null,null,Wirtschaftsinformatik,null,null
4.5,null,Amely Horn,null,Julius Köpke,null,null,null,null,Angewandte Informatik,null,null
2,null,Lea Meyer,null,Julius Köpke,null,null,null,null,Angewandte Informatik,null,null
5,null,Emily Schumacher,null,Dragi Kimovski,null,null,null,null,Wirtschaftsinformatik,null,null
4,null,Sofie Haas,null,Dragi Kimovski,null,null,null,null,Angewandte Informatik,null,null
2,null,Hanna Albrecht,null,Julius Köpke,null,null,null,null,Wirtschaftsinformatik,null,null
4,null,Luca Herrmann,null,Klaus Schöffmann,null,null,null,null,Angewandte Informatik,null,null
5,null,Niclas Vogel,null,Dragi Kimovski,null,null,null,null,Wirtschaftsinformatik,null,null
5,null,Philipp Berger,null,Klaus Schöffmann,null,null,null,null,Angewandte Informatik,null,null
3,null,Marie Vogt,null,Klaus Schöffmann,null,null,null,null,Wirtschaftsinformatik,null,null
1,null,Anna Kraus,null,Klaus Schöffmann,null,null,null,null,Wirtschaftsinformatik,null,null
1,null,Neele Ziegler,null,Johann Eder,null,null,null,null,Wirtschaftsinformatik,null,null
2,null,Lilly Jäger,null,Julius Köpke,null,null,null,null,Wirtschaftsinformatik,null,null
3,null,Emilie Schäfer,null,Julius Köpke,null,null,null,null,Wirtschaftsinformatik,null,null
3,null,Leon Schmid,null,Julius Köpke,null,null,null,null,Angewandte Informatik,null,null
2,null,Emily Schumacher,null,Julius Köpke,null,null,null,null,Wirtschaftsinformatik,null,null
2,null,Lara Seidel,null,Dragi Kimovski,null,null,null,null,Wirtschaftsinformatik,null,null
2,null,Ben Scholz,null,Klaus Schöffmann,null,null,null,null,Wirtschaftsinformatik,null,null
1,null,Hannah Franke,null,Dragi Kimovski,null,null,null,null,Angewandte Informatik,null,null
1.5,null,Johanna Werner,null,Julius Köpke,null,null,null,null,Wirtschaftsinformatik,null,null
2.5,null,Mia Baumann,null,Julius Köpke,null,null,null,null,Wirtschaftsinformatik,null,null
3.5,null,Timm Lang,null,Julius Köpke,null,null,null,null,Angewandte Informatik,null,null
1,null,Moritz Roth,null,Johann Eder,null,null,null,null,Angewandte Informatik,null,null
2,null,Lili Klein,null,Julius Köpke,null,null,null,null,Wirtschaftsinformatik,null,null
4,null,Niklas Friedrich,null,Klaus Schöffmann,null,null,null,null,Angewandte Informatik,null,null
2.3333333333333333,null,Sophie Brandt,null,Julius Köpke,null,null,null,null,Wirtschaftsinformatik,null,null
2.5,null,Anna Kraus,null,Julius Köpke,null,null,null,null,Wirtschaftsinformatik,null,null
1,null,Lilli Stein,null,Dragi Kimovski,null,null,null,null,Angewandte Informatik,null,null
1,null,Marie Koch,null,Klaus Schöffmann,null,null,null,null,Angewandte Informatik,null,null
2,null,Julian Hahn,null,Klaus Schöffmann,null,null,null,null,Wirtschaftsinformatik,null,null
2,null,Hannah Franke,null,Julius Köpke,null,null,null,null,Angewandte Informatik,null,null
2,null,Sofia Hofmann,null,Julius Köpke,null,null,null,null,Wirtschaftsinformatik,null,null
3,null,Lena Ludwig,null,Johann Eder,null,null,null,null,Angewandte Informatik,null,null
4,null,Sara Groß,null,Dragi Kimovski,null,null,null,null,Angewandte Informatik,null,null
5,null,Emilie Krämer,null,Klaus Schöffmann,null,null,null,null,Angewandte Informatik,null,null
3,null,Hanna Schmidt,null,Julius Köpke,null,null,null,null,Angewandte Informatik,null,null
3,null,Leonie Fischer,null,Julius Köpke,null,null,null,null,Angewandte Informatik,null,null
3,null,Leonie Simon,null,Julius Köpke,null,null,null,null,Wirtschaftsinformatik,null,null
2,null,Nele Dietrich,null,Julius Köpke,null,null,null,null,Angewandte Informatik,null,null
2,null,Sophia Krüger,null,Julius Köpke,null,null,null,null,Angewandte Informatik,null,null
3,null,Hannah Müller,null,Julius Köpke,null,null,null,null,Wirtschaftsinformatik,null,null
2.5,null,Luis Möller,null,Julius Köpke,null,null,null,null,Angewandte Informatik,null,null
1.5,null,Lukas Maier,null,Julius Köpke,null,null,null,null,Angewandte Informatik,null,null
4,null,Leon Schmid,null,Klaus Schöffmann,null,null,null,null,Angewandte Informatik,null,null
4,null,Sophia Schreiber,null,Dragi Kimovski,null,null,null,null,Wirtschaftsinformatik,null,null
2,null,Emma Martin,null,Julius Köpke,null,null,null,null,Angewandte Informatik,null,null
5,null,Finn Kaiser,null,Klaus Schöffmann,null,null,null,null,Wirtschaftsinformatik,null,null
2,null,Lina Schulte,null,Klaus Schöffmann,null,null,null,null,Wirtschaftsinformatik,null,null
3.3333333333333333,null,Laura Heinrich,null,Julius Köpke,null,null,null,null,Angewandte Informatik,null,null
1.5,null,Laura Schwarz,null,Julius Köpke,null,null,null,null,Wirtschaftsinformatik,null,null
1,null,Maya Pohl,null,Julius Köpke,null,null,null,null,Angewandte Informatik,null,null
3,null,Lina Hartmann,null,Julius Köpke,null,null,null,null,Angewandte Informatik,null,null
4,null,Lili Otto,null,Julius Köpke,null,null,null,null,Angewandte Informatik,null,null
3,null,Elias Schubert,null,Dragi Kimovski,null,null,null,null,Angewandte Informatik,null,null
5,null,Laura Heinrich,null,Klaus Schöffmann,null,null,null,null,Angewandte Informatik,null,null
4,null,Jannik Beck,null,Dragi Kimovski,null,null,null,null,Wirtschaftsinformatik,null,null
2,null,Luis Möller,null,Johann Eder,null,null,null,null,Angewandte Informatik,null,null
2,null,Neele Schmitt,null,Dragi Kimovski,null,null,null,null,Angewandte Informatik,null,null
2,null,Lilli Stein,null,Johann Eder,null,null,null,null,Angewandte Informatik,null,null
4,null,Lina Hartmann,null,Klaus Schöffmann,null,null,null,null,Angewandte Informatik,null,null
2,null,Sophie Brandt,null,Klaus Schöffmann,null,null,null,null,Wirtschaftsinformatik,null,null
4,null,Lea Böhm,null,Julius Köpke,null,null,null,null,Wirtschaftsinformatik,null,null
4.3333333333333333,null,Johanna Kuhn,null,Julius Köpke,null,null,null,null,Angewandte Informatik,null,null
2.5,null,Jan Günther,null,Julius Köpke,null,null,null,null,Angewandte Informatik,null,null
4,null,Leonie Fischer,null,Klaus Schöffmann,null,null,null,null,Angewandte Informatik,null,null
1,null,Lara Seidel,null,Julius Köpke,null,null,null,null,Wirtschaftsinformatik,null,null
